name,gender,race
asha kumari,f,indian
nitin,m,indian
tripti,f,indian
som dutt,m,indian
bhagwati prasad,m,indian
yognder,m,indian
kuldeep,m,indian
amit,m,indian
shivam,m,indian
sandeep kumar,m,indian
gurdeep kaur,f,indian
karan,m,indian
neha,f,indian
rohit,m,indian
manju devi,f,indian
kabir,m,indian
mahabir prasad,m,indian
rajni,f,indian
manoj,m,indian
aman soni badal,m,indian
neha,f,indian
soniya,f,indian
buity,f,indian
mohan singh,m,indian
jitender kumar,m,indian
kushal,m,indian
nisha,f,indian
leelawati,f,indian
doodhnath pandit,m,indian
shafibul,m,indian
noor bano,f,indian
vandana,f,indian
poonam,f,indian
ajay,m,indian
pooja,f,indian
khushbu,f,indian
mala devi nisha,f,indian
manoj yadav  manoj,m,indian
komal,f,indian
rakesh sarkar,m,indian
sneha,f,indian
sandhya,f,indian
archna,f,indian
rahul,m,indian
hina,f,indian
yogita tiwari,f,indian
rahul,m,indian
babita,f,indian
aslam allam,m,indian
nilam devi,f,indian
madan,m,indian
mohit  himanshu,m,indian
deeya kumari,f,indian
devki,f,indian
kiran,f,indian
shyani devi,f,indian
chanderpal,m,indian
layba noor,f,indian
pooran chand,m,indian
nanku prasad,m,indian
imamudeen,m,indian
santosh,m,indian
aarti,f,indian
priya  nandani,f,indian
abhishek,m,indian
suman,f,indian
ramvati,f,indian
akash gupta,m,indian
mamta,f,indian
shalu,f,indian
sharat chandran,m,indian
usha,f,indian
barjraj,m,indian
sahil,m,indian
shiv kumari,f,indian
priyaki rav,f,indian
sunil kumar,m,indian
vandana,f,indian
anubhav shrivastab,m,indian
neha,f,indian
pawan kumar,m,indian
mohit maan,m,indian
dinesh kumar,m,indian
nitu kumari,f,indian
shakshi,f,indian
sandeep,m,indian
vishal  moni,m,indian
kavita,f,indian
sumit,m,indian
pooja,f,indian
rakesh,m,indian
rohit,m,indian
nisha,f,indian
vijay,m,indian
satyadev,m,indian
rustam shah,m,indian
santna,f,indian
rahul,m,indian
chahat,f,indian
fooljhnah,f,indian
sunita,f,indian
heena zamil akhtar,f,indian
sarbjeet ronak,m,indian
yogesh,m,indian
salima,f,indian
rohit kumar,m,indian
pooja,f,indian
deep,m,indian
sandhya,f,indian
durga,f,indian
chanchal,f,indian
ravinder  bacchi,m,indian
jyoti,f,indian
suraj,m,indian
ram dutt gupta,m,indian
sohni,f,indian
preeti,f,indian
sangeeta,f,indian
abhishekh,m,indian
iqra,f,indian
sony jha,f,indian
rajkumar chawla,m,indian
arindra,m,indian
ankit,m,indian
jyoti,f,indian
ram singh,m,indian
sunder paal,m,indian
vimla,f,indian
kiran devi,f,indian
sonia,f,indian
seema khatun,f,indian
amardeep,m,indian
sapna,f,indian
md mustafa,m,indian
kali charan,m,indian
arti,f,indian
sunita,f,indian
amarjeet,m,indian
durgesh,m,indian
amit kumar,m,indian
khadak singh,m,indian
neelam,f,indian
ram kumar,m,indian
meenu chawla,f,indian
khursid,m,indian
himanshi  roshani,f,indian
pooja,f,indian
Anushka gupta,f,indian
priyansi,f,indian
kuldeep singh,m,indian
anuradha,f,indian
parveen,f,indian
aakash,m,indian
deepak,m,indian
keshar ansari,m,indian
pankaj kumar,m,indian
dolly rekha ,m,indian
phoolwati phoolo devi,m,indian
gajender singh goldy,m,indian
babalu sen,m,indian
bharat,m,indian
anita devi,f,indian
sumit,m,indian
aashiya,f,indian
neeraj kumar,m,indian
roshni,f,indian
hemant,m,indian
pooran chand sharma,m,indian
akhilesh,m,indian
rajeev,m,indian
sanjay,m,indian
arun vicky,m,indian
azaruddin,m,indian
meena,f,indian
nikhleshwar bhagat,m,indian
sujen manjhi,m,indian
kalyani patro,f,indian
chander shaker,m,indian
kajal,f,indian
devi,f,indian
deepak,m,indian
jahoor ahmed meer,m,indian
manisha,f,indian
sunita,f,indian
sita,f,indian
kausal kumar,m,indian
avinsh,m,indian
bhola sarkar,m,indian
amar deep kaur,f,indian
jamil khan,m,indian
uttam kumar sanki,m,indian
devinder chadda,m,indian
sachin,m,indian
deepak,m,indian
md. afsar,m,indian
rajbir,m,indian
ajay kumar,m,indian
kuldeep singh,m,indian
pooja prajapati pratibha,f,indian
beeru,m,indian
pooja,f,indian
jyoti,f,indian
guman singh basyal,m,indian
priyanka,f,indian
kalawati,f,indian
koshal,f,indian
meena,f,indian
isha,f,indian
yash mittal,m,indian
asma khatun,f,indian
kranti,f,indian
harsh dagar,m,indian
anju,f,indian
karina kavita,f,indian
rishi,m,indian
laxmi devi ,f,indian
vinod,m,indian
gulshan,m,indian
amit,m,indian
anupuma ghosh,f,indian
swati thakur,f,indian
mohd kausar,m,indian
sarojani,f,indian
reena,f,indian
rahila maqbool,f,indian
chanchal,f,indian
sarain,m,indian
raj kumari,f,indian
simran,f,indian
mohd shakib,m,indian
aditya som,m,indian
shivani,f,indian
sunita,f,indian
neetu,f,indian
rohit,m,indian
laxmi  kumari,f,indian
badshya khan,m,indian
priti,f,indian
kajal,f,indian
dharmbir,m,indian
vikjay kumar,m,indian
rubi,f,indian
saddam,m,indian
shelender yadav,m,indian
nazmin,f,indian
anita,f,indian
mohan kumar,m,indian
pinki,f,indian
gulfam,m,indian
aman,m,indian
sunil,m,indian
pooja,f,indian
mohd aakib,m,indian
raju chhotu,m,indian
kishan,m,indian
gurmit singh,m,indian
amit kumar,m,indian
varuni vatsa,f,indian
aakanksha,f,indian
pooja ,f,indian
dipendra kumar,m,indian
nikita senger,f,indian
anshu ,f,indian
rohit,m,indian
jaswant singh,m,indian
sitara,f,indian
mohd shahid,m,indian
rubi,f,indian
mazida,f,indian
shyam kumar,m,indian
mohammad ali,m,indian
rajia,f,indian
poonam,f,indian
raja kumar,m,indian
gyatri devi,f,indian
sevak pitambar lal,m,indian
payal goyala,f,indian
asha,f,indian
kunal kannu,m,indian
vivek,m,indian
raj kumar,m,indian
rizwan,m,indian
abhijeet,m,indian
aamir hussain,m,indian
kamni,f,indian
pinki,f,indian
kamla,f,indian
sheetal,f,indian
arjun,m,indian
anjali,f,indian
lalit rana,m,indian
rahul sharma,m,indian
mansi,f,indian
pawan,m,indian
irfan,m,indian
shiv prakash,m,indian
sheetal,f,indian
sachin,m,indian
shubham yadav,m,indian
priya,f,indian
pintu thakur,m,indian
renu rinki,f,indian
preeti,f,indian
jagdish,m,indian
meera,f,indian
rohit,m,indian
gulbasha,f,indian
monika,f,indian
mohd. mukhtaar,m,indian
farhana baigum,f,indian
ram ji,m,indian
roshni,f,indian
priya sexena,f,indian
kailash kumar,m,indian
preeti,f,indian
jyoti,f,indian
harman singh,m,indian
rinku malav,f,indian
dinesh,m,indian
ramvilash,m,indian
anjali juneja,f,indian
nausad,m,indian
km sunita,f,indian
riya masi,f,indian
anshu,f,indian
versha,f,indian
aman,m,indian
kajal choudhary,f,indian
parvesh,m,indian
sukhdev,m,indian
silender,m,indian
supriyal sen,m,indian
pooja,f,indian
tapas das,f,indian
santlal golu,m,indian
santosh singal,f,indian
virender,m,indian
minakchi,f,indian
lalita,f,indian
doly,f,indian
divya,f,indian
meena,f,indian
arvind kumar yadav,m,indian
vikash,m,indian
jyoti,f,indian
farmaan khan,m,indian
mayank chaudhary rahul,m,indian
huma khan,f,indian
adnan,m,indian
kusum,f,indian
pulkit sharma,m,indian
sheak shakir,m,indian
pooja,f,indian
saroj,f,indian
veer bhan singh,m,indian
mohd khairul,m,indian
rakhi,f,indian
leela with a child,f,indian
kaushaliya,f,indian
gurmit singh,m,indian
savita sagar ,f,indian
komal,f,indian
nahar singh,m,indian
manju,f,indian
vandana,f,indian
sunita,f,indian
rahul kumar,m,indian
gopal sharma,m,indian
mohabbat ali,m,indian
ravindra kumar,m,indian
pooja,f,indian
ruby,f,indian
rubina,f,indian
shajiya,f,indian
pooja kashyap,f,indian
priya jain,f,indian
jagdish,m,indian
tarjan,m,indian
ravi kumar,m,indian
charu,f,indian
poonam,f,indian
vikram singh,m,indian
sanjay,m,indian
axat,m,indian
preetam kumar,m,indian
anshu,m,indian
shanti devi,f,indian
maansingh aswal,m,indian
sanjay charee,m,indian
nikhil,m,indian
deepak,m,indian
himanshu,m,indian
seema,f,indian
rosy massey,f,indian
madhuri sharma,f,indian
chandni,f,indian
nagma khatoon,f,indian
pooja jayshwal,f,indian
akkash,m,indian
roshni,f,indian
rakhi payal,f,indian
sahin,f,indian
chango uraon,f,indian
mercy,f,indian
akash gupta,m,indian
arun,m,indian
reena,f,indian
raman,m,indian
riyasat ali,m,indian
raja babu,m,indian
vinit katariya,m,indian
varsha,f,indian
murari,m,indian
nisha chinu,f,indian
subhadra,f,indian
subhash chand bhatia,m,indian
basnti,f,indian
pritam singh,m,indian
ram kishan,m,indian
rahul,m,indian
meena kumari,f,indian
anita,f,indian
neetu,f,indian
salman,m,indian
bishun,m,indian
usha devi,f,indian
manish garg,m,indian
pooja,f,indian
sna,f,indian
vijay virmani,m,indian
akash verma,m,indian
har parsad,m,indian
dhanwanti  devi,f,indian
amit,m,indian
dimpal doli,f,indian
shiv kumar,m,indian
pankaj chand,m,indian
arti,f,indian
niraj,m,indian
priyanka,f,indian
vivek kumar,f,indian
aarti devi,f,indian
lalit kathuriya,m,indian
afsana,f,indian
sashi mittal,f,indian
nidhi kumari,f,indian
isha,f,indian
hamida khatun,f,indian
manju,f,indian
ram kumar,m,indian
kanchan,f,indian
sumit,m,indian
vivek,m,indian
gaurav,m,indian
vinod lal,m,indian
jyoti,f,indian
shenaz,f,indian
raja kumar,m,indian
preety,f,indian
chandesh,m,indian
jitender,m,indian
rekha,f,indian
rinki,f,indian
aarti,f,indian
aarti,f,indian
sarvesh,m,indian
geeta devi,f,indian
surender singh chauhan,m,indian
janki,f,indian
moti lal,m,indian
laxmi devi,f,indian
shakshi sagar,f,indian
swati joshi,f,indian
sashi,f,indian
sunita,f,indian
priyanka,f,indian
khushbu,f,indian
poonam,f,indian
gulshan,f,indian
palak simran,f,indian
jyoti,f,indian
mubarik,m,indian
neha,f,indian
ranju,f,indian
parveen,m,indian
birender mandal,m,indian
champa karketta,f,indian
ranu tiwari,f,indian
ruksana,f,indian
rajkumar,m,indian
babita,f,indian
pooran chand sharma,m,indian
pooja,f,indian
anjali babli,f,indian
shakshi,f,indian
shivani,f,indian
vansu dev,m,indian
ramvilash,m,indian
shalu,f,indian
rinukanwr,f,indian
sandeep meghawal,m,indian
nandu,f,indian
sonam,f,indian
neha,f,indian
chandni,f,indian
rijul aggarwal,m,indian
rashid,m,indian
ajay narayan,m,indian
anita,f,indian
grace palla,f,indian
jatin sonu,m,indian
mangla urf mangi bai,f,indian
sonam,f,indian
seema simran,f,indian
priynka,f,indian
shehnaz,f,indian
reena devi,f,indian
shadab,m,indian
abhi,m,indian
aarti,f,indian
kartik kaku,m,indian
kamal jit singh,m,indian
sandeep,m,indian
krishan,m,indian
pooja,f,indian
jai singh,m,indian
dharam singh,m,indian
bhupender,m,indian
balraj,m,indian
priyanka,f,indian
ramdin verma,m,indian
seema,f,indian
santosh,m,indian
rupesh,m,indian
bablu regar,m,indian
naziya siddiqui,f,indian
versa,f,indian
aasmin,f,indian
tammanne,m,indian
sagar,m,indian
subhash,m,indian
punit khandelwal,m,indian
pintu kumar,m,indian
varsha,f,indian
amit,m,indian
aarti,f,indian
vidhi,f,indian
guddu,m,indian
kasid,m,indian
talim,m,indian
rimmi singh,f,indian
amit,m,indian
anil kumar,m,indian
priyanka,f,indian
sanjay,m,indian
priyanka,f,indian
yogita,m,indian
manju,f,indian
ranita,f,indian
jony,m,indian
seema,f,indian
priyanka,f,indian
kiran devi,f,indian
raghunandan das,m,indian
guddu,m,indian
sumit mitra,m,indian
ashok kumar ,m,indian
mohd ataullah,m,indian
kanika kathuria,f,indian
sunita,f,indian
anjali,f,indian
esrail khan,m,indian
yogesh,m,indian
shabanm,f,indian
vansu dev,m,indian
suresh kumar,m,indian
hemlata,f,indian
rajender,m,indian
vivek auhari,m,indian
kajal,f,indian
khushboo,f,indian
rishi kakdia,m,indian
arman ansari,m,indian
shiv shakti singh,m,indian
farida begam,f,indian
chotelal,m,indian
sparsh,m,indian
sandeep kumar,m,indian
mukul yadav,m,indian
khushbu,f,indian
pooja,f,indian
rohit,m,indian
pooja,f,indian
aanamika misra,f,indian
jyoti,f,indian
vikas,m,indian
midda,m,indian
tina,f,indian
vipin,m,indian
azaz,m,indian
